{"images":[{"id":27571,"dataset_id":14,"category_ids":[4],"path":"/datasets/malariasss/1.jpg","width":450,"height":305,"file_name":"1.jpg","annotated":true,"annotating":[],"num_annotations":24,"metadata":{},"milliseconds":895575,"events":[{"_cls":"SessionEvent","user":"lomba","milliseconds":887773,"tools_used":[]},{"_cls":"SessionEvent","user":"lomba","milliseconds":7802,"tools_used":[]}],"regenerate_thumbnail":false,"is_modified":false},{"id":27572,"dataset_id":14,"category_ids":[4],"path":"/datasets/malariasss/2.png","width":1200,"height":700,"file_name":"2.png","annotated":true,"annotating":[],"num_annotations":7,"metadata":{},"milliseconds":262424,"events":[{"_cls":"SessionEvent","user":"lomba","milliseconds":262424,"tools_used":[]}],"regenerate_thumbnail":false,"is_modified":false},{"id":27573,"dataset_id":14,"category_ids":[4],"path":"/datasets/malariasss/3.jpg","width":450,"height":301,"file_name":"3.jpg","annotated":true,"annotating":[],"num_annotations":4,"metadata":{},"milliseconds":125683,"events":[{"_cls":"SessionEvent","user":"lomba","milliseconds":125683,"tools_used":[]}],"regenerate_thumbnail":true}],"categories":[{"id":4,"name":"parasit","supercategory":"","color":"#3dd835","metadata":{},"creator":"lomba"}],"annotations":[{"id":2,"image_id":27571,"category_id":4,"dataset_id":14,"segmentation":[[153,8.3,161.2,7.7,177.4,11.8,180.3,33.8,176.3,39.6,172.8,41.4,164.1,50.7,151.9,50.7,147.8,48.9,143.8,44.3,140.3,36.2,137.4,28,137.4,20.5,139.1,15.8,141.4,13.5,150.7,13.5]],"area":1429,"bbox":[137,8,43,43],"iscrowd":false,"isbbox":false,"creator":"lomba","width":450,"height":305,"color":"#37fe4f","metadata":{},"milliseconds":121596,"events":[{"_cls":"SessionEvent","created_at":{"$date":1571041570743},"user":"lomba","milliseconds":60798,"tools_used":["Magic Wand","Polygon"]}]},{"id":4,"image_id":27571,"category_id":4,"dataset_id":14,"segmentation":[[189.6,52.4,195.4,53,205.9,57.6,214,69.8,212.8,87.2,206.4,94.2,204.7,98.2,197.7,102.9,180.3,102.3,174.5,98.8,168.7,89.5,167,82.6,167,72.1,171.6,65.7,185,55.9]],"area":1826,"bbox":[167,52,47,51],"iscrowd":false,"isbbox":false,"creator":"lomba","width":450,"height":305,"color":"#6803d7","metadata":{},"milliseconds":3244,"events":[{"_cls":"SessionEvent","created_at":{"$date":1571041768897},"user":"lomba","milliseconds":1622,"tools_used":["Polygon"]}]},{"id":5,"image_id":27571,"category_id":4,"dataset_id":14,"segmentation":[[99.1,74.5,107.8,78.5,113,85.5,115.9,95.3,115.3,102.3,113,106.9,105.5,112.2,98.5,113.3,90.4,117.4,80.5,117.4,71.8,114.5,67.2,106.9,63.1,103.5,61.4,98.8,59.6,82.6,61.9,77.9,74.7,73.3,93.9,72.7]],"area":1996,"bbox":[60,73,56,44],"iscrowd":false,"isbbox":false,"creator":"lomba","width":450,"height":305,"color":"#f6f15f","metadata":{},"milliseconds":4604,"events":[{"_cls":"SessionEvent","created_at":{"$date":1571041767746},"user":"lomba","milliseconds":1151,"tools_used":["Polygon"]}]},{"id":7,"image_id":27571,"category_id":4,"dataset_id":14,"segmentation":[[358.5,0.8,399.7,0.2,410.1,14.7,404.3,33.3,380.5,40.8,359.6,17.6,360.8,0.8]],"area":1526,"bbox":[360,0,50,41],"iscrowd":false,"isbbox":false,"creator":"lomba","width":450,"height":305,"color":"#51cf36","metadata":{},"milliseconds":2601,"events":[{"_cls":"SessionEvent","created_at":{"$date":1571041766880},"user":"lomba","milliseconds":867,"tools_used":["Polygon"]}]},{"id":9,"image_id":27571,"category_id":4,"dataset_id":14,"segmentation":[[3.9,89.5,14.4,94.8,25.4,102.9,28.9,115.1,20.7,124.9,13.8,129,0,127.8,0.4,87.2]],"area":854,"bbox":[0,87,29,42],"iscrowd":false,"isbbox":false,"creator":"lomba","width":450,"height":305,"color":"#fe353b","metadata":{},"milliseconds":13584,"events":[{"_cls":"SessionEvent","created_at":{"$date":1571041770523},"user":"lomba","milliseconds":13584,"tools_used":["Polygon"]}]},{"id":10,"image_id":27571,"category_id":4,"dataset_id":14,"segmentation":[[344.5,21.6,357.9,25.1,368.3,32.1,370.1,44.9,368.3,54.7,359.6,62.8,345.7,64,337,58.2,332.4,53,328.9,42.5,331.2,29.8,337.6,23.4,345.7,22.2]],"area":1346,"bbox":[329,22,41,42],"iscrowd":false,"isbbox":false,"creator":"lomba","width":450,"height":305,"color":"#a61f19","metadata":{},"milliseconds":14918,"events":[{"_cls":"SessionEvent","created_at":{"$date":1571041784108},"user":"lomba","milliseconds":14918,"tools_used":["Polygon"]}]},{"id":11,"image_id":27571,"category_id":4,"dataset_id":14,"segmentation":[[208.2,100,213.4,95.3,221.5,93,240.7,103.5,241.8,113.3,234.9,126.1,228.5,134.2,218.6,136,209.3,134.8,197.1,123.2,200,111.6,209.3,99.4]],"area":1340,"bbox":[197,93,45,43],"iscrowd":false,"isbbox":false,"creator":"lomba","width":450,"height":305,"color":"#4342f3","metadata":{},"milliseconds":19621,"events":[{"_cls":"SessionEvent","created_at":{"$date":1571041799027},"user":"lomba","milliseconds":19621,"tools_used":["Polygon"]}]},{"id":12,"image_id":27571,"category_id":4,"dataset_id":14,"segmentation":[[331.8,76.8,343.4,76.8,352.7,82.6,356.7,87.8,360.2,97.7,359.6,106.4,357.9,116.2,351.5,121.5,334.7,121.5,328.3,100,324.2,95.3,324.2,90.1,327.1,82,332.4,77.4]],"area":1245,"bbox":[324,77,36,45],"iscrowd":false,"isbbox":false,"creator":"lomba","width":450,"height":305,"color":"#a2213c","metadata":{},"milliseconds":17942,"events":[{"_cls":"SessionEvent","created_at":{"$date":1571041818649},"user":"lomba","milliseconds":17942,"tools_used":["Polygon"]}]},{"id":13,"image_id":27571,"category_id":4,"dataset_id":14,"segmentation":[[256.3,109.8,265.6,108.1,273.7,110.4,281.3,116.2,287.1,124.9,290,134.2,285.9,142.3,280.7,148.1,268.5,152.2,259.2,151.6,247.6,147,242.4,140.6,240.7,134.2,242.4,120.9,247.6,112.8]],"area":1660,"bbox":[241,108,49,44],"iscrowd":false,"isbbox":false,"creator":"lomba","width":450,"height":305,"color":"#96207f","metadata":{},"milliseconds":17644,"events":[{"_cls":"SessionEvent","created_at":{"$date":1571041836592},"user":"lomba","milliseconds":17644,"tools_used":["Polygon"]}]},{"id":14,"image_id":27571,"category_id":4,"dataset_id":14,"segmentation":[[157.7,122,168.1,121.5,187.9,127.3,192.5,134.2,194.2,148.1,185.5,154.5,174.5,156.3,160.6,148.1,153.6,132.5,154.8,126.1]],"area":1039,"bbox":[154,122,40,34],"iscrowd":false,"isbbox":false,"creator":"lomba","width":450,"height":305,"color":"#0a65e6","metadata":{},"milliseconds":2076,"events":[{"_cls":"SessionEvent","created_at":{"$date":1571041947976},"user":"lomba","milliseconds":1038,"tools_used":["Polygon"]}]},{"id":15,"image_id":27571,"category_id":4,"dataset_id":14,"segmentation":[[126.4,141.8,120,149.9,115.9,159.2,117.1,167.9,125.2,176.6,138.5,178.3,152.5,176,163.5,167.9,162.3,156.3,157.1,147.6,149.6,141.2,140.3,137.1]],"area":1461,"bbox":[116,137,48,41],"iscrowd":false,"isbbox":false,"creator":"lomba","width":450,"height":305,"color":"#18b81e","metadata":{},"milliseconds":14798,"events":[{"_cls":"SessionEvent","created_at":{"$date":1571041949015},"user":"lomba","milliseconds":7399,"tools_used":["Polygon","Eraser"]}]},{"id":16,"image_id":27571,"category_id":4,"dataset_id":14,"segmentation":[[209.3,181.2,195.4,205,201.2,216.6,216.3,224.7,225,223.6,232,218.4,236.6,209.7,241.8,206.8,241.2,188.8,232.5,182.4,220.4,178.9,208.8,180.6]],"area":1519,"bbox":[196,179,46,46],"iscrowd":false,"isbbox":false,"creator":"lomba","width":450,"height":305,"color":"#1c0bc4","metadata":{},"milliseconds":3042,"events":[{"_cls":"SessionEvent","created_at":{"$date":1571041997671},"user":"lomba","milliseconds":1521,"tools_used":["Magic Wand"]}]},{"id":18,"image_id":27571,"category_id":4,"dataset_id":14,"segmentation":[[199.5,217.8,214,227.6,216.3,244.5,214.6,251.4,209.3,256.7,200.6,261.9,189,259,179.7,253.8,173.9,244.5,175.7,232.3,187.3,218.4,190.8,207.3,195.4,216.6]],"area":1447,"bbox":[174,208,42,54],"iscrowd":false,"isbbox":false,"creator":"lomba","width":450,"height":305,"color":"#49cafe","metadata":{},"milliseconds":2876,"events":[{"_cls":"SessionEvent","created_at":{"$date":1571042052108},"user":"lomba","milliseconds":1438,"tools_used":["Eraser"]}]},{"id":20,"image_id":27571,"category_id":4,"dataset_id":14,"segmentation":[[247,215.5,258.7,221.8,261,227.6,261.6,240.4,256.9,248.5,250,253.8,234.9,257.2,225.6,252.6,220.4,242.7,220.9,231.1,235.4,219.5]],"area":1269,"bbox":[220,216,42,41],"iscrowd":false,"isbbox":false,"creator":"lomba","width":450,"height":305,"color":"#f260e9","metadata":{},"milliseconds":20936,"events":[{"_cls":"SessionEvent","created_at":{"$date":1571042053547},"user":"lomba","milliseconds":20936,"tools_used":["Eraser","Polygon"]}]},{"id":21,"image_id":27571,"category_id":4,"dataset_id":14,"segmentation":[[280.7,160.6,288.3,173.1,287.4,185.6,281.6,194,266.5,200.7,249.8,194,244.8,181.5,248.1,168.9,255.7,162.2,267.4,158.9,279.9,161.4]],"area":1363,"bbox":[245,159,43,42],"iscrowd":false,"isbbox":false,"creator":"lomba","width":450,"height":305,"color":"#bebe1b","metadata":{},"milliseconds":28176,"events":[{"_cls":"SessionEvent","created_at":{"$date":1571042074484},"user":"lomba","milliseconds":28176,"tools_used":["Polygon"]}]},{"id":22,"image_id":27571,"category_id":4,"dataset_id":14,"segmentation":[[334.8,176.8,349.3,172.3,358.4,178.1,366,192.3,361.8,207.4,355.1,214.9,339.2,214,326.7,208.2,325,200.7,329.2,183.1]],"area":1304,"bbox":[325,172,41,43],"iscrowd":false,"isbbox":false,"creator":"lomba","width":450,"height":305,"color":"#19b8d0","metadata":{},"milliseconds":29765,"events":[{"_cls":"SessionEvent","created_at":{"$date":1571042102660},"user":"lomba","milliseconds":29765,"tools_used":["Polygon"]}]},{"id":23,"image_id":27571,"category_id":4,"dataset_id":14,"segmentation":[[448.7,152.2,449.5,192.3,442.8,194.8,425.3,184.8,425.3,169.8,426.1,163.9,433.6,158.1,447.9,151.4]],"area":808,"bbox":[425,152,25,43],"iscrowd":false,"isbbox":false,"creator":"lomba","width":450,"height":305,"color":"#7aaa27","metadata":{},"milliseconds":20635,"events":[{"_cls":"SessionEvent","created_at":{"$date":1571042132427},"user":"lomba","milliseconds":20635,"tools_used":["Polygon"]}]},{"id":24,"image_id":27571,"category_id":4,"dataset_id":14,"segmentation":[[449.5,214,450,246.6,446.2,252.5,434.5,246.6,415.3,224.9,415.3,217.4,427.8,209.9,440.3,206.5,450,214]],"area":1080,"bbox":[415,207,35,45],"iscrowd":false,"isbbox":false,"creator":"lomba","width":450,"height":305,"color":"#ee62b7","metadata":{},"milliseconds":16592,"events":[{"_cls":"SessionEvent","created_at":{"$date":1571042153063},"user":"lomba","milliseconds":16592,"tools_used":["Polygon"]}]},{"id":25,"image_id":27571,"category_id":4,"dataset_id":14,"segmentation":[[299.1,143.9,322.5,142.2,334.2,151.4,333.4,169.8,319.2,178.9,311.6,181.5,296.6,173.1,291.8,154.8]],"area":1266,"bbox":[292,142,42,39],"iscrowd":false,"isbbox":false,"creator":"lomba","width":450,"height":305,"color":"#f68015","metadata":{},"milliseconds":35958,"events":[{"_cls":"SessionEvent","created_at":{"$date":1571042169656},"user":"lomba","milliseconds":35958,"tools_used":["Polygon"]}]},{"id":26,"image_id":27571,"category_id":4,"dataset_id":14,"segmentation":[[5.8,84.5,0,79.5,0,61.1,3.3,57.8,14.2,56.1,25,60.3,36.7,71.2,21.6,90.3]],"area":862,"bbox":[0,56,36,34],"iscrowd":false,"isbbox":false,"creator":"lomba","width":450,"height":305,"color":"#fd6186","metadata":{},"milliseconds":23554,"events":[{"_cls":"SessionEvent","created_at":{"$date":1571042205615},"user":"lomba","milliseconds":23554,"tools_used":["Polygon"]}]},{"id":27,"image_id":27571,"category_id":4,"dataset_id":14,"segmentation":[[71,9.3,70.2,17.7,59.3,23.5,42.6,19.3,36.7,24.4,23.4,17.7,23.4,0.1,67.1,1]],"area":963,"bbox":[23,0,48,24],"iscrowd":false,"isbbox":false,"creator":"lomba","width":450,"height":305,"color":"#07c0de","metadata":{},"milliseconds":22737,"events":[{"_cls":"SessionEvent","created_at":{"$date":1571042229170},"user":"lomba","milliseconds":22737,"tools_used":["Polygon"]}]},{"id":28,"image_id":27571,"category_id":4,"dataset_id":14,"segmentation":[[150.4,303.5,152,294.3,171.3,286.7,193,292.6,196.3,303.5]],"area":599,"bbox":[150,287,46,17],"iscrowd":false,"isbbox":false,"creator":"lomba","width":450,"height":305,"color":"#b06a1a","metadata":{},"milliseconds":32062,"events":[{"_cls":"SessionEvent","created_at":{"$date":1571042251908},"user":"lomba","milliseconds":32062,"tools_used":["Polygon"]}]},{"id":29,"image_id":27571,"category_id":4,"dataset_id":14,"segmentation":[[405.2,239.9,411.9,235.8,424.5,241.6,431.1,258.3,422.8,277.6,410.3,285.9,401.1,284.2,390.2,265.9,387.7,256.7,387.7,254.2,394.4,245.8,406.9,239.9]],"area":1465,"bbox":[388,236,43,50],"iscrowd":false,"isbbox":false,"creator":"lomba","width":450,"height":305,"color":"#69a4ee","metadata":{},"milliseconds":22720,"events":[{"_cls":"SessionEvent","created_at":{"$date":1571042283971},"user":"lomba","milliseconds":22720,"tools_used":["Polygon"]}]},{"id":30,"image_id":27571,"category_id":4,"dataset_id":14,"segmentation":[[201.3,170.6,195.5,164.7,180.5,167.3,165.4,173.9,162.1,186.5,169.6,203.2,181.3,204.9,190.5,199.8,200.5,189.8,203,169.8]],"area":1185,"bbox":[162,165,41,40],"iscrowd":false,"isbbox":false,"creator":"lomba","width":450,"height":305,"color":"#e455e5","metadata":{},"milliseconds":42748,"events":[{"_cls":"SessionEvent","created_at":{"$date":1571042354833},"user":"lomba","milliseconds":19662,"tools_used":["Polygon","Eraser"]},{"_cls":"SessionEvent","created_at":{"$date":1571042354833},"user":"lomba","milliseconds":23086,"tools_used":["Polygon","Eraser"]}]},{"id":32,"image_id":27572,"category_id":4,"dataset_id":14,"segmentation":[[602.7,325.4,634.6,317.4,669.3,324,685.2,333.4,709.2,362.7,721.2,384,722.5,413.3,694.6,453.2,641.3,465.2,620,466.5,581.4,441.2,560,385.3,566.7,356,604,325.4]],"area":18123,"bbox":[560,317,163,150],"iscrowd":false,"isbbox":false,"creator":"lomba","width":1200,"height":700,"color":"#b5421f","metadata":{},"milliseconds":25172,"events":[{"_cls":"SessionEvent","created_at":{"$date":1571042386384},"user":"lomba","milliseconds":25172,"tools_used":["Eraser","Polygon"]}]},{"id":33,"image_id":27572,"category_id":4,"dataset_id":14,"segmentation":[[296.3,51,304.3,68.3,304.3,67,320.3,63,347,72.3,343,79,308.3,110.9,319,124.3,339,138.9,336.3,150.9,276.4,157.6,256.4,140.2,245.7,124.3,251.1,104.3,269.7,100.3,275,83,268.4,64.3,297.7,49.7]],"area":6286,"bbox":[246,50,101,108],"iscrowd":false,"isbbox":false,"creator":"lomba","width":1200,"height":700,"color":"#74e6b7","metadata":{},"milliseconds":27155,"events":[{"_cls":"SessionEvent","created_at":{"$date":1571042411557},"user":"lomba","milliseconds":27155,"tools_used":["Polygon"]}]},{"id":34,"image_id":27572,"category_id":4,"dataset_id":14,"segmentation":[[0,65.7,34,72.3,71.3,112.3,68.6,132.2,32.6,186.9,0.7,194.8,0.7,67]],"area":6378,"bbox":[1,66,70,129],"iscrowd":false,"isbbox":false,"creator":"lomba","width":1200,"height":700,"color":"#aa9b15","metadata":{},"milliseconds":17032,"events":[{"_cls":"SessionEvent","created_at":{"$date":1571042438713},"user":"lomba","milliseconds":17032,"tools_used":["Polygon"]}]},{"id":35,"image_id":27572,"category_id":4,"dataset_id":14,"segmentation":[[32.7,510.5,71.3,511.8,93.9,526.5,120.5,561.1,116.6,601,99.2,631.7,72.6,639.7,38,637,2,605,4.7,541.1]],"area":12141,"bbox":[2,511,119,129],"iscrowd":false,"isbbox":false,"creator":"lomba","width":1200,"height":700,"color":"#710cfc","metadata":{},"milliseconds":38834,"events":[{"_cls":"SessionEvent","created_at":{"$date":1571042455745},"user":"lomba","milliseconds":38834,"tools_used":["Polygon","Eraser","Polygon","Eraser"]}]},{"id":36,"image_id":27572,"category_id":4,"dataset_id":14,"segmentation":[[285.7,0.4,284.4,0.4,297.7,19,293.7,28.4,276.4,52.3,265.7,57.7,244.4,80.3,228.4,85.6,197.8,77.6,181.8,51,175.2,24.4,184.5,0]],"area":7716,"bbox":[175,0,123,86],"iscrowd":false,"isbbox":false,"creator":"lomba","width":1200,"height":700,"color":"#66ef6c","metadata":{},"milliseconds":39142,"events":[{"_cls":"SessionEvent","created_at":{"$date":1571042494579},"user":"lomba","milliseconds":39142,"tools_used":["Eraser","Polygon"]}]},{"id":37,"image_id":27572,"category_id":4,"dataset_id":14,"segmentation":[[947.1,335.6,970.2,325.4,983.6,328,996.9,333.4,1019.5,345.3,1035.5,369.3,1042.2,389.3,1038.2,417.3,1026.2,438.6,1007.5,451.9,979.6,457.2,976.9,454.5,944.9,445.2,943.6,442.6,926.3,429.2,923.6,421.3,922.3,377.3,925,376],[497.5,695.6,393.6,700,373.6,696.9,372.3,694.3,370.9,666.3,372.3,661,389.6,637,421.5,613,448.2,610.4,466.8,615.7,486.8,630.3,496.1,655.7,498.8,681,496.1,695.6]],"area":21087,"bbox":[371,325,671,375],"iscrowd":false,"isbbox":false,"creator":"lomba","width":1200,"height":700,"color":"#ae5011","metadata":{},"milliseconds":54650,"events":[{"_cls":"SessionEvent","created_at":{"$date":1571042574992},"user":"lomba","milliseconds":27325,"tools_used":["Eraser","Polygon"]}]},{"id":39,"image_id":27572,"category_id":4,"dataset_id":14,"segmentation":[[460.2,414.6,473.5,395.9,493.5,388,529.4,382.6,529.4,385.3,548.1,388,548.1,390.6,564,425.2,566.7,469.2,545.4,495.8,520.1,505.2,484.1,497.2,464.2,481.2,472.1,459.9,472.1,437.2,462.8,414.6]],"area":10052,"bbox":[460,383,107,122],"iscrowd":false,"isbbox":false,"creator":"lomba","width":1200,"height":700,"color":"#eea125","metadata":{},"milliseconds":32994,"events":[{"_cls":"SessionEvent","created_at":{"$date":1571042639163},"user":"lomba","milliseconds":27195,"tools_used":["Polygon"]},{"_cls":"SessionEvent","created_at":{"$date":1571042639163},"user":"lomba","milliseconds":5799,"tools_used":["Polygon"]}]},{"id":41,"image_id":27573,"category_id":4,"dataset_id":14,"segmentation":[[196.9,74,210.1,69.5,219.3,69.5,231.3,83.2,233,89.5,230.2,100.4,221,108.4,211.8,111.3,202.7,110.1,196.4,104.4,191.2,95.8,193.9,80.1]],"area":1319,"bbox":[191,70,42,41],"iscrowd":false,"isbbox":false,"creator":"lomba","width":450,"height":301,"color":"#b91ac8","metadata":{},"milliseconds":20128,"events":[{"_cls":"SessionEvent","created_at":{"$date":1571042667845},"user":"lomba","milliseconds":20128,"tools_used":["Polygon"]}]},{"id":42,"image_id":27573,"category_id":4,"dataset_id":14,"segmentation":[[212.4,5.9,221.6,11.6,229.6,12.8,231.9,24.2,227.3,37.4,221.6,42,208.4,45.4,197.5,37.4,192.4,28.8,196.9,17.4,206.7,8.8]],"area":1071,"bbox":[192,6,40,39],"iscrowd":false,"isbbox":false,"creator":"lomba","width":450,"height":301,"color":"#28edae","metadata":{},"milliseconds":57731,"events":[{"_cls":"SessionEvent","created_at":{"$date":1571042687974},"user":"lomba","milliseconds":57731,"tools_used":["Polygon"]}]},{"id":43,"image_id":27573,"category_id":4,"dataset_id":14,"segmentation":[[238.2,210.9,246.8,213.2,254.8,213.2,266.2,221.8,270.2,228.1,272,240.7,262.8,251,252.5,253.9,243.9,252.7,230.2,240.1,230.7,228.1,234.2,223.5,233.6,220.7,236.5,218.4,238.7,212.1]],"area":1309,"bbox":[230,211,42,43],"iscrowd":false,"isbbox":false,"creator":"lomba","width":450,"height":301,"color":"#d5d864","metadata":{},"milliseconds":21960,"events":[{"_cls":"SessionEvent","created_at":{"$date":1571042745706},"user":"lomba","milliseconds":21960,"tools_used":["Polygon"]}]},{"id":44,"image_id":27573,"category_id":4,"dataset_id":14,"segmentation":[[253.6,293.4,258.8,283.1,265.7,278.5,275.4,278.5,281.1,279.1,286.8,285.4,289.1,296.8,288.6,299.7,258.8,300.3,253.1,292.8]],"area":620,"bbox":[254,279,35,21],"iscrowd":false,"isbbox":false,"creator":"lomba","width":450,"height":301,"color":"#aaf81e","metadata":{},"milliseconds":18253,"events":[{"_cls":"SessionEvent","created_at":{"$date":1571042767667},"user":"lomba","milliseconds":18253,"tools_used":["Polygon"]}]}]}